Date,Name,Duration,Distance,Speed,UpHill,DownHill,type,A_Comment,A_Duration,A_Distance
2024-04-23,gedera betshenesh and return,3.23,54.18,16.8,379.0,379.0,tour_recorded,Bullshit,2222.0,3.0
2024-04-20,Mountain Bike Ride,2.55,42.85,16.8,387.0,383.0,tour_recorded,,,
2024-04-18,Mountain Bike Ride,1.63,27.91,17.1,239.0,243.0,tour_recorded,Cycling with MT8,3.0,100.0
2024-04-15,בית שמש גדרה,3.14,52.04,16.6,438.0,418.0,tour_recorded,,,
2024-04-13,גדרה פלמחים דרך שטח הצנחה,2.63,49.17,18.7,377.0,395.0,tour_recorded,,,
2024-04-08,Road Ride,0.85,16.14,19.0,142.0,144.0,tour_recorded,,,
2024-04-06,Road Ride,1.35,22.45,16.6,165.0,201.0,tour_recorded,,,
2024-04-04,Road Ride,1.29,21.71,16.9,179.0,179.0,tour_recorded,Test,,
2024-04-03,Road Ride,1.16,21.08,18.2,155.0,160.0,tour_recorded,,,
2024-03-30,Road Ride,2.34,38.52,16.5,336.0,311.0,tour_recorded,FFFF,1.0,1.0
2024-03-28,Road Ride,1.19,21.03,17.7,187.0,181.0,tour_recorded,,,
2024-03-23,Road Ride,2.75,42.89,15.6,299.0,294.0,tour_recorded,,,
2024-03-22,Road Ride,1.45,21.95,15.1,175.0,189.0,tour_recorded,,,
2024-03-20,Road Ride,1.6,25.5,16.0,223.0,209.0,tour_recorded,,,
2024-03-16,Road Ride,2.47,40.42,16.4,287.0,277.0,tour_recorded,,,
2024-03-15,Road Ride,1.2,22.44,18.7,197.0,193.0,tour_recorded,,,
2024-03-13,Road Ride,1.6,27.05,16.9,213.0,213.0,tour_recorded,,,
2024-03-09,Road Ride,2.33,37.58,16.2,316.0,303.0,tour_recorded,,,
2024-03-07,Road Ride,1.49,23.3,15.6,188.0,191.0,tour_recorded,,,
2024-03-05,Road Ride,1.1,19.55,17.8,164.0,156.0,tour_recorded,,,
2024-03-02,Road Ride,2.23,33.24,14.9,263.0,258.0,tour_recorded,,,
2024-02-29,Road Ride,1.31,23.34,17.9,189.0,192.0,tour_recorded,,,
2024-02-28,Road Ride,1.34,23.48,17.5,207.0,204.0,tour_recorded,,,
2024-02-26,Road Ride,1.39,23.47,16.9,176.0,182.0,tour_recorded,,,
2024-02-21,Road Ride,1.47,21.36,14.5,187.0,186.0,tour_recorded,,,
2024-02-17,Road Ride,2.47,43.87,17.8,413.0,395.0,tour_recorded,,,
2024-02-15,Road Ride,0.91,16.17,17.8,145.0,184.0,tour_recorded,,,
2024-02-10,Road Ride,2.63,45.0,17.1,462.0,459.0,tour_recorded,,,
2024-02-07,Road Ride,1.32,22.67,17.2,214.0,205.0,tour_recorded,,,
2024-01-20,Road Ride,1.84,34.06,18.5,224.0,295.0,tour_recorded,,,
2024-01-06,Road Ride,1.9,31.53,16.6,313.0,305.0,tour_recorded,,,
2023-12-30,Road Ride,2.21,37.98,17.2,330.0,345.0,tour_recorded,,,
2023-12-29,Road Ride,1.69,32.56,19.2,319.0,328.0,tour_recorded,,,
2023-12-27,Road Ride,1.3,23.12,17.8,252.0,235.0,tour_recorded,,,
2023-12-23,Road Ride,2.32,33.72,14.5,382.0,1022.0,tour_recorded,Arad Masada Tour,4.0,31.0
2023-12-20,Road Ride,1.27,23.52,18.6,252.0,258.0,tour_recorded,,,
2023-12-16,Road Ride,1.99,35.14,17.6,318.0,329.0,tour_recorded,Cycling with Mali to Kfar Gvirol and Mrar,0.0,0.0
2023-12-14,Road Ride,1.85,29.61,16.0,283.0,290.0,tour_recorded,,,
2023-12-12,Road Ride,1.22,22.53,18.5,254.0,250.0,tour_recorded,,,
2023-12-10,Road Ride,1.64,27.57,16.8,267.0,258.0,tour_recorded,,,
2023-12-08,three bridges,2.16,32.46,15.0,345.0,351.0,tour_recorded,,,
2023-12-05,Road Ride,0.58,10.78,18.7,88.0,57.0,tour_recorded,,,
2023-12-02,Road Ride,0.55,8.88,16.1,85.0,68.0,tour_recorded,,,
2023-12-01,Yesodot,1.3,21.57,16.6,261.0,256.0,tour_recorded,,,
2023-11-25,"Around Yavne,  Ben, Moshe",2.28,35.25,15.4,267.0,279.0,tour_recorded,,,
2023-11-21,to zula and back,1.91,32.75,17.2,315.0,346.0,tour_recorded,,,
2023-11-18,Road Ride,2.31,38.89,16.8,316.0,317.0,tour_recorded,,,
2023-11-17,Road Ride,1.3,22.35,17.2,221.0,217.0,tour_recorded,,,
2023-11-13,Road Ride,1.15,20.99,18.2,194.0,187.0,tour_recorded,,,
2023-11-04,Road Ride,2.64,24.64,9.3,317.0,267.0,tour_recorded,,,
2023-11-02,Road Ride,1.36,25.47,18.8,225.0,223.0,tour_recorded,,,
2023-10-30,Hike,1.45,25.04,17.2,208.0,213.0,tour_recorded,,,
2023-10-28,Road Ride,1.86,30.37,16.4,285.0,274.0,tour_recorded,,,
2023-10-27,Road Ride,1.12,20.99,18.7,195.0,195.0,tour_recorded,,,
2023-10-24,Road Ride,3.22,58.09,18.1,393.0,2272.0,tour_recorded,,,
2023-10-23,Road Ride,1.31,22.0,16.8,219.0,215.0,tour_recorded,,,
2023-10-21,Road Ride,1.94,30.65,15.8,310.0,316.0,tour_recorded,,,
2023-10-19,Road Ride,1.37,22.81,16.6,267.0,251.0,tour_recorded,,,
2023-10-18,Road Ride,1.31,21.49,16.5,336.0,326.0,tour_recorded,,,
2023-10-16,Road Ride,1.44,20.9,14.5,297.0,211.0,tour_recorded,,,
2023-09-02,Road Ride,1.92,33.96,17.7,291.0,292.0,tour_recorded,,,
2023-08-31,Road Ride,1.14,21.57,18.8,186.0,187.0,tour_recorded,,,
2023-08-29,Road Ride,1.38,24.57,17.8,219.0,218.0,tour_recorded,,,
2023-08-26,Road Ride,2.37,38.29,16.2,301.0,299.0,tour_recorded,,,
2023-08-24,Road Ride,1.58,28.62,18.1,212.0,208.0,tour_recorded,,,
2023-08-22,Nordic Walking Tour,1.31,21.57,16.5,178.0,181.0,tour_recorded,,,
2023-08-19,Road Ride,2.44,38.7,15.8,435.0,449.0,tour_recorded,,,
2023-08-16,Road Ride,1.7,28.48,16.8,250.0,259.0,tour_recorded,,,
2023-08-12,Road Ride,2.24,39.78,17.8,358.0,361.0,tour_recorded,,,
2023-08-05,Road Ride,3.15,45.4,14.4,218.0,264.0,tour_recorded,,,
2023-08-02,גדרה אשדוד ים עם ניר,2.25,36.06,16.0,338.0,351.0,tour_recorded,,,
2023-07-31,Road Ride,1.81,30.53,16.9,257.0,259.0,tour_recorded,,,
2023-07-29,Road Ride,2.66,39.63,14.9,348.0,354.0,tour_recorded,,,
2023-07-27,Road Ride,1.51,27.31,18.1,217.0,222.0,tour_recorded,,,
2023-07-12,Road Ride סיבוב מהיר לבית גמליאל,1.06,21.06,19.9,148.0,152.0,tour_recorded,,,
2023-07-10,לחירבה ליד ישעי ןחזרה,2.75,47.62,17.3,415.0,415.0,tour_recorded,,,
2023-07-08,Road Ride,3.28,48.19,14.7,324.0,339.0,tour_recorded,,,
2023-07-04,רכיבת ערב עם אמרי 4.7.23,1.98,35.79,18.1,315.0,303.0,tour_recorded,,,
2023-07-01,Road Ride,2.52,39.96,15.9,298.0,296.0,tour_recorded,,,
2023-06-29,Road Ride,1.83,34.16,18.7,247.0,263.0,tour_recorded,,,
2023-06-26,דרך מנדטורית. זולה יסודות וחזרה,2.35,39.75,16.9,374.0,361.0,tour_recorded,,,
2023-06-24,גדרה-גבעת ברנר-מזכרת בתיה-תל יאקוט-גדרה,2.45,36.8,15.0,310.0,305.0,tour_recorded,,,
2023-06-22,Road Ride,1.37,24.58,18.0,204.0,200.0,tour_recorded,,,
2023-06-18,Road Ride,1.13,21.4,18.9,211.0,205.0,tour_recorded,,,
2023-06-17,Road Ride חולדה משמר דוד זולה וחזרה,1.7,29.18,17.2,305.0,322.0,tour_recorded,,,
2023-06-14,Road Ride,1.11,20.43,18.4,186.0,189.0,tour_recorded,,,
2023-06-10,Road Ride ךסיבוב הזולה הארו,2.03,33.47,16.5,301.0,296.0,tour_recorded,,,
2023-06-07,Road Ride,1.13,20.75,18.4,189.0,182.0,tour_recorded,,,
2023-06-03,Road Ride,2.4,38.13,15.9,322.0,339.0,tour_recorded,,,
2023-06-01,Road Ride,1.2,22.34,18.6,186.0,197.0,tour_recorded,,,
2023-05-30,רגיל חזרה דרך קידרון,1.18,22.56,19.1,227.0,229.0,tour_recorded,,,
2023-05-27,יער הקדושים לירושלים 2023,3.67,44.18,12.0,993.0,519.0,tour_recorded,,,
2023-05-24,Road Ride,1.01,20.82,20.7,164.0,169.0,tour_recorded,,,
2023-05-20,תל גזר ועין ירדא,3.3,51.77,15.7,483.0,490.0,tour_recorded,,,
2023-05-16,Road Ride,1.18,21.32,18.0,191.0,185.0,tour_recorded,,,
2023-05-13,Road Ride,2.06,35.25,17.1,344.0,346.0,tour_recorded,,,
2023-05-08,Road Ride,1.14,21.44,18.8,232.0,240.0,tour_recorded,,,
2023-05-06,Road Ride,2.45,36.56,14.9,366.0,342.0,tour_recorded,,,
2023-05-05,Road Ride,0.48,8.48,17.5,90.0,83.0,tour_recorded,,,
2023-05-03,Road Ride,1.86,31.9,17.2,320.0,313.0,tour_recorded,,,
2023-04-30,Road Ride,1.3,22.28,17.1,189.0,186.0,tour_recorded,,,
2023-04-28,Road Ride,3.47,62.45,18.0,607.0,821.0,tour_recorded,,,
2023-04-25,Road Ride,2.82,44.85,15.9,513.0,523.0,tour_recorded,,,
2023-04-22,Road Ride,2.1,34.01,16.2,343.0,344.0,tour_recorded,,,
2023-04-20,Road Ride,1.28,22.18,17.4,190.0,185.0,tour_recorded,,,
2023-04-19,Road Ride,1.27,22.16,17.4,218.0,218.0,tour_recorded,,,
2023-04-15,Road Ride,2.61,43.81,16.8,356.0,348.0,tour_recorded,,,
2023-04-10,Road Ride,1.82,30.51,16.7,269.0,273.0,tour_recorded,,,
2023-04-08,Road Ride,2.01,31.17,15.5,276.0,261.0,tour_recorded,,,
2023-04-06,Road Ride,1.34,22.63,16.9,183.0,190.0,tour_recorded,,,
2023-04-04,Bike Tour,0.39,6.29,16.1,54.0,72.0,tour_recorded,,,
2023-04-03,Road Ride,1.63,22.62,13.9,188.0,188.0,tour_recorded,,,
2023-04-01,Road Ride,2.1,32.44,15.4,277.0,272.0,tour_recorded,,,
2023-03-31,Road Ride,1.38,22.51,16.4,162.0,166.0,tour_recorded,,,
2023-03-29,Road Ride,1.36,22.51,16.5,207.0,199.0,tour_recorded,,,
2023-03-25,Road Ride,2.17,35.2,16.2,351.0,339.0,tour_recorded,,,
2023-03-18,Road Ride,1.73,32.09,18.6,243.0,221.0,tour_recorded,,,
2023-03-16,Road Ride,1.38,23.51,17.0,236.0,223.0,tour_recorded,,,
2023-03-11,Road Ride,2.79,44.54,16.0,419.0,427.0,tour_recorded,,,
2023-03-08,Road Ride,1.26,22.31,17.8,250.0,228.0,tour_recorded,,,
2023-03-04,Bike Ride,1.94,33.9,17.5,357.0,345.0,tour_recorded,,,
2023-03-02,Bike Ride,1.09,20.51,18.8,180.0,162.0,tour_recorded,,,
2023-02-27,Bike Ride,1.17,20.54,17.6,159.0,155.0,tour_recorded,,,
2023-02-25,Bike Ride,2.02,33.42,16.5,290.0,270.0,tour_recorded,,,
2023-02-22,Bike Ride,1.84,31.12,16.9,293.0,283.0,tour_recorded,,,
2023-02-18,Bike Ride,0.96,16.39,17.1,160.0,169.0,tour_recorded,,,
2023-02-17,Bike Ride,1.45,20.42,14.1,216.0,212.0,tour_recorded,,,
2023-02-11,Bike Ride,2.12,32.04,15.1,215.0,216.0,tour_recorded,,,
2023-01-21,Bike Ride,2.13,34.07,16.0,294.0,290.0,tour_recorded,,,
2023-01-19,Bike Ride,1.1,20.58,18.6,181.0,174.0,tour_recorded,,,
2023-01-17,Bike Ride,1.38,18.09,13.1,125.0,155.0,tour_recorded,,,
2022-12-31,Bike Ride,2.48,40.74,16.4,299.0,342.0,tour_recorded,,,
2022-12-10,Bike Ride,1.95,30.42,15.6,241.0,214.0,tour_recorded,,,
2022-11-12,Bike Ride,1.9,32.9,17.3,269.0,299.0,tour_recorded,,,
2022-11-07,Bike Ride,1.11,20.99,18.9,151.0,153.0,tour_recorded,,,
2022-11-05,Bike Ride,0.98,17.74,18.0,162.0,211.0,tour_recorded,,,
2022-10-24,Bike Ride,1.22,21.46,17.6,181.0,173.0,tour_recorded,,,
2022-10-22,Bike Ride,2.36,41.76,17.7,512.0,510.0,tour_recorded,,,
2022-10-19,Bike Ride,1.15,20.94,18.3,189.0,180.0,tour_recorded,,,
2022-10-13,Mountaineering Tour,1.42,26.37,18.5,232.0,226.0,tour_recorded,,,
2022-10-11,Bike Ride,2.52,40.46,16.1,364.0,403.0,tour_recorded,,,
2022-10-08,Bike Ride,2.77,42.83,15.5,432.0,455.0,tour_recorded,,,
2022-10-05,Bike Ride,2.46,8.68,3.5,100.0,96.0,tour_recorded,,,
2022-10-01,Bike Ride,2.29,39.23,17.2,360.0,364.0,tour_recorded,,,
2022-09-30,Bike Ride,1.24,22.4,18.0,234.0,249.0,tour_recorded,,,
2022-09-27,Bike Ride,3.13,50.26,16.0,409.0,410.0,tour_recorded,,,
2022-09-24,Bike Ride,2.05,31.88,15.6,297.0,290.0,tour_recorded,,,
2022-09-23,Bike Ride,1.17,21.47,18.3,238.0,226.0,tour_recorded,,,
2022-09-17,Bike Ride,2.37,38.68,16.3,416.0,407.0,tour_recorded,,,
2022-09-15,Bike Ride,1.2,21.6,17.9,216.0,220.0,tour_recorded,,,
2022-09-14,Bike Ride,1.21,21.68,17.9,183.0,189.0,tour_recorded,,,
2022-09-08,Bike Ride,1.13,20.98,18.5,174.0,177.0,tour_recorded,,,
2022-09-07,Bike Ride,1.1,6.91,6.3,34.0,66.0,tour_recorded,,,
2022-09-06,Bike Ride,1.52,27.06,17.8,267.0,263.0,tour_recorded,,,
2022-09-03,Bike Ride,2.42,40.76,16.9,399.0,407.0,tour_recorded,,,
2022-08-30,Bike Ride,2.02,33.88,16.8,363.0,357.0,tour_recorded,,,
2022-08-27,Bike Ride,2.37,45.24,19.1,443.0,436.0,tour_recorded,,,
2022-08-23,to  Plmachim and back,2.89,47.8,16.6,439.0,451.0,tour_recorded,,,
2022-08-20,Bike Ride,2.48,36.84,14.9,349.0,340.0,tour_recorded,,,
2022-08-18,Bike Ride,1.87,28.69,15.4,290.0,281.0,tour_recorded,,,
2022-08-11,Bike Ride,1.42,24.39,17.2,227.0,226.0,tour_recorded,,,
2022-08-09,Bike Ride,1.94,28.13,14.5,324.0,324.0,tour_recorded,,,
2022-08-05,Bike Ride,1.52,26.46,17.4,247.0,253.0,tour_recorded,,,
2022-08-03,Bike Ride,2.24,37.05,16.5,255.0,270.0,tour_recorded,,,
2022-07-26,Bike Ride,2.76,43.08,15.6,454.0,465.0,tour_recorded,,,
2022-07-23,Bike Ride,2.01,34.9,17.4,299.0,300.0,tour_recorded,,,
2022-07-22,גדרה תל גזר,2.7,45.4,16.8,527.0,530.0,tour_recorded,,,
2022-07-20,Bike Ride,1.15,17.51,15.2,164.0,183.0,tour_recorded,,,
2022-07-19,Bike Ride,1.28,23.29,18.3,207.0,202.0,tour_recorded,,,
2022-07-17,Bike Ride,1.11,21.01,18.9,236.0,200.0,tour_recorded,,,
2022-07-15,Bike Ride,2.41,39.71,16.5,355.0,317.0,tour_recorded,,,
2022-07-13,Bike Ride,1.63,25.64,15.7,164.0,180.0,tour_recorded,,,
2022-07-08,Bike Ride,1.29,22.94,17.9,219.0,221.0,tour_recorded,,,
2022-07-06,Bike Ride,1.6,12.46,7.8,36.0,91.0,tour_recorded,,,
2022-07-05,Bike Ride,1.28,21.05,16.5,188.0,195.0,tour_recorded,,,
2022-06-25,Bike Ride,0.77,12.65,16.5,131.0,117.0,tour_recorded,,,
2022-06-24,Bike Ride,1.34,24.46,18.3,226.0,211.0,tour_recorded,,,
2022-06-09,Bike Ride,1.0,15.93,16.0,189.0,188.0,tour_recorded,,,
2022-06-07,Bike Ride,1.08,21.16,19.6,190.0,191.0,tour_recorded,,,
2022-06-05,Bike Ride,1.45,23.74,16.3,205.0,211.0,tour_recorded,,,
2022-06-04,Bike Ride,2.07,34.8,16.8,284.0,290.0,tour_recorded,,,
2022-05-26,Bike Ride,1.1,21.19,19.3,191.0,197.0,tour_recorded,,,
2022-05-21,Bike Ride,2.67,40.9,15.3,433.0,432.0,tour_recorded,,,
2022-05-14,Bike Ride,2.55,40.56,15.9,397.0,395.0,tour_recorded,,,
2022-05-11,Bike Ride,1.09,20.44,18.8,182.0,170.0,tour_recorded,,,
2022-05-07,Bike Ride,2.43,31.38,12.9,236.0,269.0,tour_recorded,,,
2022-04-26,Bike Ride,1.74,29.35,16.9,249.0,255.0,tour_recorded,,,
2022-04-23,Bike Ride,2.41,37.16,15.4,313.0,309.0,tour_recorded,,,
2022-04-22,Bike Ride,1.26,21.17,16.8,231.0,229.0,tour_recorded,,,
2022-04-20,Bike Ride,3.03,39.1,12.9,404.0,1010.0,tour_recorded,,,
2022-04-18,Bike Ride,2.05,32.91,16.1,206.0,210.0,tour_recorded,,,
2022-04-17,Bike Ride,1.71,28.98,17.0,292.0,288.0,tour_recorded,,,
2022-04-14,Bike Ride,2.66,37.26,14.0,360.0,383.0,tour_recorded,,,
2022-04-08,Bike Ride,3.06,49.71,16.2,346.0,355.0,tour_recorded,,,
2022-04-05,Bike Ride,2.06,37.28,18.1,293.0,299.0,tour_recorded,,,
2022-04-02,Bike Ride,2.17,33.39,15.4,328.0,310.0,tour_recorded,,,
2022-03-28,Bike Ride,1.45,22.57,15.5,192.0,196.0,tour_recorded,,,
2022-03-26,Bike Ride,2.55,45.19,17.7,433.0,456.0,tour_recorded,,,
2022-03-18,Bike Ride,1.38,22.39,16.3,149.0,152.0,tour_recorded,,,
2022-03-17,Road Ride,0.68,16.7,24.6,91.0,84.0,tour_recorded,,,
2022-03-10,Bike Ride,1.4,22.53,16.1,170.0,166.0,tour_recorded,,,
2022-03-08,Bike Ride,2.4,37.43,15.6,296.0,293.0,tour_recorded,,,
2022-03-05,Bike Ride,1.71,29.62,17.3,252.0,252.0,tour_recorded,,,
2022-03-01,Bike Ride,2.0,10.71,5.4,64.0,102.0,tour_recorded,,,
2022-02-18,Bike Ride,1.26,19.95,15.8,180.0,180.0,tour_recorded,,,
2022-02-15,Bike Ride,1.4,25.58,18.2,279.0,264.0,tour_recorded,,,
2022-02-12,Bike Ride,1.47,24.34,16.6,213.0,204.0,tour_recorded,,,
2022-02-08,Bike Ride,1.42,23.13,16.3,223.0,206.0,tour_recorded,,,
2022-01-25,Bike Ride,1.0,18.65,18.6,175.0,150.0,tour_recorded,,,
2022-01-18,Bike Ride,1.01,19.06,18.9,190.0,180.0,tour_recorded,,,
2022-01-10,Bike Ride,1.3,23.25,17.9,236.0,228.0,tour_recorded,,,
2022-01-08,Bike Ride,2.87,49.1,17.1,443.0,442.0,tour_recorded,,,
2022-01-07,Bike Ride,0.8,15.43,19.4,181.0,170.0,tour_recorded,,,
2021-12-28,Bike Ride,1.4,26.99,19.2,280.0,263.0,tour_recorded,,,
2021-12-27,Bike Ride,1.19,17.76,14.9,211.0,210.0,tour_recorded,,,
2021-12-25,Bike Ride,2.23,37.11,16.7,305.0,310.0,tour_recorded,,,
2021-12-24,Bike Ride,1.93,31.48,16.3,250.0,1014.0,tour_recorded,,,
2021-12-18,Bike Ride,1.65,26.98,16.4,251.0,250.0,tour_recorded,,,
2021-12-13,Bike Ride,1.27,20.46,16.1,125.0,171.0,tour_recorded,,,
2021-12-11,Bike Ride,1.38,24.43,17.7,246.0,230.0,tour_recorded,,,
2021-12-10,Bike Ride,1.66,27.57,16.6,265.0,252.0,tour_recorded,,,
2021-12-04,Bike Ride,1.92,31.05,16.2,272.0,277.0,tour_recorded,,,
2021-11-27,Road Ride,2.73,61.74,22.6,461.0,473.0,tour_recorded,,,
2021-11-26,Bike Ride,1.15,19.87,17.2,219.0,168.0,tour_recorded,,,
2021-11-19,Bike Ride,1.69,29.69,17.5,243.0,221.0,tour_recorded,,,
2021-11-16,Hike,1.09,16.07,14.8,127.0,125.0,tour_recorded,,,
2021-11-15,Bike Ride,1.07,19.86,18.6,169.0,165.0,tour_recorded,,,
2021-11-13,Bike Ride,4.06,78.51,19.3,289.0,931.0,tour_recorded,,,
2021-11-11,Bike Ride,1.25,8.22,6.6,55.0,71.0,tour_recorded,,,
2021-11-09,Bike Ride,1.99,33.77,17.0,255.0,247.0,tour_recorded,,,
2021-11-08,Bike Ride,1.26,21.78,17.3,157.0,154.0,tour_recorded,,,
2021-11-06,Bike Ride,2.06,32.5,15.8,261.0,272.0,tour_recorded,,,
2021-11-05,Bike Ride,1.25,21.66,17.3,98.0,93.0,tour_recorded,,,
2021-11-04,Bike Ride,1.3,21.07,16.3,178.0,176.0,tour_recorded,,,
2021-11-02,Bike Ride,1.29,19.84,15.4,216.0,225.0,tour_recorded,,,
2021-11-01,Bike Ride,1.47,21.86,14.8,168.0,173.0,tour_recorded,,,
2021-10-30,Bike Ride,1.9,31.96,16.9,239.0,240.0,tour_recorded,,,
2021-10-29,Bike Ride,1.37,23.78,17.3,185.0,184.0,tour_recorded,,,
2021-10-27,Bike Ride,1.13,18.44,16.3,109.0,120.0,tour_recorded,,,
2021-10-26,Bike Ride,1.23,20.49,16.6,184.0,177.0,tour_recorded,,,
2021-10-22,Bike Ride,0.73,12.58,17.1,98.0,92.0,tour_recorded,,,
2021-10-21,Bike Ride,1.18,21.65,18.3,188.0,180.0,tour_recorded,,,
2021-10-18,Bike Ride,1.2,22.08,18.5,155.0,162.0,tour_recorded,,,
2021-10-16,גדרה בית גמל 16.10.21,3.86,60.98,15.8,712.0,689.0,tour_recorded,,,
2021-10-11,Bike Ride,1.28,20.36,15.9,135.0,147.0,tour_recorded,,,
2021-10-10,עוד בוקר קסום 10.10.21,1.24,21.83,17.6,177.0,171.0,tour_recorded,,,
2021-10-09,צצראדדש יםםת 95הכחBike Ride 09.10.2021 09:21,1.68,21.19,12.6,289.0,284.0,tour_recorded,,,
2021-10-07,Bike Ride 07.10.2021 07:33,1.26,21.4,17.0,192.0,184.0,tour_recorded,,,
2021-10-06,Bike Ride 06.10.2021 07:09,1.24,18.94,15.2,168.0,182.0,tour_recorded,,,
2021-09-28,Bike Ride 28.09.2021 08:38,2.11,32.16,15.2,244.0,260.0,tour_recorded,,,
2021-09-27,Bike Ride 27.09.2021 07:39,1.18,21.41,18.1,204.0,206.0,tour_recorded,,,
2021-09-26,Bike Ride 26.09.2021 11:00,3.29,47.89,14.6,608.0,620.0,tour_recorded,,,
2021-09-21,Bike Ride 21.09.2021 07:54,1.36,20.74,15.3,237.0,154.0,tour_recorded,,,
2021-09-18,Bike Ride 18.09.2021 08:44,2.29,16.13,7.0,155.0,139.0,tour_recorded,,,
2021-09-16,Road Ride 16.09.2021 09:02,2.27,47.06,20.8,394.0,399.0,tour_recorded,,,
2021-09-14,Bike Ride 14.09.2021 07:46,1.46,25.2,17.2,200.0,212.0,tour_recorded,,,
2021-09-13,Bike Ride 13.09.2021 07:34,1.24,22.0,17.7,184.0,180.0,tour_recorded,,,
2021-09-11,Bike Ride 11.09.2021 08:58,2.49,39.03,15.7,302.0,304.0,tour_recorded,,,
2021-09-09,Bike Ride 09.09.2021 07:38,1.29,22.53,17.5,183.0,168.0,tour_recorded,,,
2021-09-06,Bike Ride 06.09.2021 08:15,1.96,30.13,15.4,311.0,319.0,tour_recorded,,,
2021-09-05,Bike Ride 05.09.2021 07:32,1.25,21.71,17.4,181.0,166.0,tour_recorded,,,
2021-08-30,Bike Ride 30.08.2021 09:50,1.68,26.97,16.0,298.0,287.0,tour_recorded,,,
2021-08-27,Bike Ride 27.08.2021 08:40,2.19,34.64,15.8,214.0,220.0,tour_recorded,,,
2021-08-25,Climbing Tour 25.08.2021 07:07,1.62,28.36,17.5,336.0,341.0,tour_recorded,,,
2021-08-21,Bike Ride 21.08.2021 08:24,2.19,36.0,16.4,341.0,345.0,tour_recorded,,,
2021-08-20,Bike Ride 20.08.2021 08:30,1.89,31.42,16.6,246.0,249.0,tour_recorded,,,
2021-08-18,Bike Ride 18.08.2021 07:00,1.24,17.94,14.5,163.0,183.0,tour_recorded,,,
2021-08-17,Bike Ride 17.08.2021 07:15,1.63,29.6,18.1,279.0,232.0,tour_recorded,,,
2021-08-15,Bike Ride 15.08.2021 07:27,1.19,22.13,18.5,306.0,270.0,tour_recorded,,,
2021-08-14,Bike Ride 14.08.2021 08:01,1.0,14.62,14.7,172.0,130.0,tour_recorded,,,
2021-08-11,Bike Tour 11.08.2021 07:26,1.38,23.8,17.3,274.0,184.0,tour_recorded,,,
2021-08-10,Bike Ride 10.08.2021 07:33,1.65,26.16,15.9,284.0,180.0,tour_recorded,,,
2021-08-07,Bike Ride 07.08.2021 07:09,1.26,20.59,16.3,282.0,208.0,tour_recorded,,,
2021-08-06,Bike Ride 06.08.2021 07:50,1.95,29.91,15.3,292.0,231.0,tour_recorded,,,
2021-08-04,Bike Ride 04.08.2021 07:49,1.44,22.76,15.8,215.0,221.0,tour_recorded,,,
2021-08-03,Bike Ride 03.08.2021 06:59,1.52,22.51,14.8,213.0,205.0,tour_recorded,,,
2021-07-30,Bike Ride 30.07.2021 07:26,1.5,21.35,14.2,234.0,237.0,tour_recorded,,,
2021-07-28,Bike Ride 28.07.2021 07:18,1.41,22.12,15.7,255.0,265.0,tour_recorded,,,
2021-07-27,Bike Ride 27.07.2021 06:56,0.93,14.65,15.8,109.0,119.0,tour_recorded,,,
2021-07-24,Bike Ride 24.07.2021 09:10,2.25,32.49,14.4,301.0,299.0,tour_recorded,,,
2021-07-19,Bike Ride 19.07.2021 07:07,1.37,22.41,16.4,229.0,227.0,tour_recorded,,,
2021-07-17,צוות גדדBike Ride 17.07.2021 07:48,1.35,20.37,15.1,166.0,162.0,tour_recorded,,,
2021-07-15,Bike Ride 15.07.2021 07:51,1.37,21.67,15.8,197.0,198.0,tour_recorded,,,
2021-07-13,Bike Ride 13.07.2021 07:08,1.11,15.34,13.8,67.0,99.0,tour_recorded,,,
2021-07-11,Bike Ride 11.07.2021 07:24,1.3,21.29,16.4,153.0,151.0,tour_recorded,,,
2021-07-09,Bike Ride 09.07.2021 06:47,1.24,19.63,15.9,141.0,139.0,tour_recorded,,,
2021-07-07,Bike Ride 07.07.2021 07:25,1.26,19.83,15.8,177.0,166.0,tour_recorded,,,
2021-07-05,Bike Ride 05.07.2021 07:20,1.36,19.62,14.4,178.0,179.0,tour_recorded,,,
2021-07-04,Bike Ride 04.07.2021 07:48,1.25,19.61,15.7,187.0,187.0,tour_recorded,,,
2021-06-29,Bike Ride 29.06.2021 07:46,1.23,19.62,15.9,164.0,158.0,tour_recorded,,,
2021-06-27,Bike Ride 27.06.2021 07:30,0.92,13.55,14.8,114.0,111.0,tour_recorded,,,
2021-06-23,Bike Ride 23.06.2021 19:16,0.71,12.84,18.0,98.0,100.0,tour_recorded,,,
2021-03-28,Bike Ride 28.03.2021 10:35,2.65,41.42,15.6,303.0,304.0,tour_recorded,,,
2021-03-27,Bike Ride 27.03.2021 13:31,1.3,22.27,17.2,204.0,199.0,tour_recorded,,,
2021-03-21,Bike Ride 21.03.2021 16:24,1.31,21.54,16.5,233.0,234.0,tour_recorded,,,
2021-03-19,Bike Ride 19.03.2021 09:30,2.34,36.75,15.7,261.0,276.0,tour_recorded,,,
2021-03-17,Bike Ride 17.03.2021 09:50,2.25,32.8,14.6,282.0,299.0,tour_recorded,,,
2021-03-13,Bike Ride 13.03.2021 09:36,2.13,31.21,14.7,268.0,265.0,tour_recorded,,,
2021-03-10,Bike Ride 10.03.2021 09:47,2.11,31.72,15.0,210.0,220.0,tour_recorded,,,
2021-03-07,Bike Ride 07.03.2021 12:30,1.12,20.1,18.0,159.0,158.0,tour_recorded,,,
2021-03-03,Bike Ride 03.03.2021 08:46,1.27,21.25,16.8,179.0,177.0,tour_recorded,,,
2021-03-02,Bike Ride 02.03.2021 07:27,1.13,18.68,16.6,115.0,114.0,tour_recorded,,,
2021-03-01,Bike Ride 01.03.2021 07:36,1.29,21.5,16.7,170.0,169.0,tour_recorded,,,
2021-02-27,Bike Ride 27.02.2021 09:12,1.89,28.75,15.2,294.0,294.0,tour_recorded,,,
2021-02-26,Bike Ride 26.02.2021 08:59,1.05,19.96,18.9,139.0,144.0,tour_recorded,,,
2021-02-24,Bike Ride 24.02.2021 11:22,2.98,38.36,12.9,233.0,227.0,tour_recorded,,,
2021-02-22,Bike Ride 22.02.2021 13:48,1.07,19.65,18.3,144.0,150.0,tour_recorded,,,
2021-02-16,Bike Ride 16.02.2021 07:23,0.97,17.47,18.0,120.0,134.0,tour_recorded,,,
2021-02-12,Bike Ride 12.02.2021 09:45,2.71,41.17,15.2,422.0,417.0,tour_recorded,,,
2021-02-09,Bike Ride 09.02.2021 07:56,1.37,21.17,15.4,160.0,154.0,tour_recorded,,,
2021-02-06,Bike Ride 06.02.2021 10:54,2.31,42.17,18.2,308.0,312.0,tour_recorded,,,
2021-02-02,Bike Ride 02.02.2021 07:22,0.93,15.17,16.2,111.0,123.0,tour_recorded,,,
2021-02-01,Bike Ride 01.02.2021 13:59,1.18,20.92,17.7,164.0,162.0,tour_recorded,,,
2021-01-28,Bike Ride 28.01.2021 07:48,0.98,15.16,15.5,114.0,115.0,tour_recorded,,,
2021-01-26,Bike Ride 26.01.2021 07:26,0.97,17.15,17.6,153.0,151.0,tour_recorded,,,
2021-01-23,Bike Ride 23.01.2021 08:13,1.41,21.6,15.3,166.0,156.0,tour_recorded,,,
2021-01-16,Bike Ride 16.01.2021 08:48,1.37,20.49,15.0,144.0,138.0,tour_recorded,,,
2021-01-12,Bike Ride 12.01.2021 08:01,1.43,20.61,14.4,155.0,153.0,tour_recorded,,,
2021-01-11,Bike Ride 11.01.2021 07:59,1.36,22.53,16.5,162.0,164.0,tour_recorded,,,
2021-01-10,Bike Ride 10.01.2021 08:45,1.19,21.55,18.1,172.0,169.0,tour_recorded,,,
2021-01-08,Bike Ride 08.01.2021 08:46,1.92,30.32,15.8,212.0,213.0,tour_recorded,,,
2021-01-01,Bike Ride 01.01.2021 09:34,2.19,33.97,15.5,244.0,237.0,tour_recorded,,,
2020-12-26,Bike Ride 26.12.2020 09:23,2.39,34.19,14.3,192.0,182.0,tour_recorded,,,
2020-12-22,Bike Ride 22.12.2020 07:27,0.99,14.64,14.7,107.0,118.0,tour_recorded,,,
2020-12-15,Bike Ride 15.12.2020 09:40,2.33,30.56,13.1,190.0,191.0,tour_recorded,,,
2020-12-14,Bike Ride 14.12.2020 13:39,1.98,33.05,16.7,347.0,330.0,tour_recorded,,,
2020-12-13,Bike Ride 13.12.2020 07:36,1.2,21.94,18.3,188.0,186.0,tour_recorded,,,
2020-12-12,Bike Ride 12.12.2020 09:23,2.27,35.46,15.6,270.0,260.0,tour_recorded,,,
2020-12-08,Bike Ride 08.12.2020 07:39,1.2,18.51,15.5,123.0,118.0,tour_recorded,,,
2020-12-04,ףף¹זזBike Ride 04.12.2020 09:45,2.6,41.23,15.9,296.0,300.0,tour_recorded,,,
2020-12-01,Bike Ride 01.12.2020 07:17,0.77,12.95,16.9,100.0,94.0,tour_recorded,,,
2020-11-30,Bike Ride 30.11.2020 13:12,1.22,19.72,16.2,174.0,173.0,tour_recorded,,,
2020-11-28,Bike Ride 28.11.2020 08:45,1.7,24.91,14.7,182.0,189.0,tour_recorded,,,
2020-11-24,Bike Ride 24.11.2020 07:00,1.11,18.68,16.9,121.0,134.0,tour_recorded,,,
2020-11-20,Bike Ride 20.11.2020 09:10,2.73,39.89,14.6,233.0,238.0,tour_recorded,,,
2020-11-18,Bike Ride 18.11.2020 07:13,1.24,16.73,13.5,108.0,118.0,tour_recorded,,,
2020-10-31,t Bike Ride 31.10.2020 09:01,3.03,46.32,15.3,424.0,417.0,tour_recorded,,,
2020-10-30,Bike Ride 30.10.2020 08:04,2.06,35.99,17.5,264.0,259.0,tour_recorded,,,
2020-10-27,Bike Ride 27.10.2020 07:10,1.11,17.13,15.4,93.0,113.0,tour_recorded,,,
2020-10-24,Bike Ride 24.10.2020 08:55,2.33,36.66,15.7,252.0,246.0,tour_recorded,,,
2020-10-21,Bike Ride 21.10.2020 11:54,2.53,38.74,15.3,299.0,313.0,tour_recorded,,,
2020-10-20,Bike Ride 20.10.2020 07:26,1.13,17.89,15.9,195.0,190.0,tour_recorded,,,
2020-10-17,Bike Ride 17.10.2020 08:39,2.23,35.4,15.9,224.0,235.0,tour_recorded,,,
2020-10-13,Bike Ride 13.10.2020 07:37,1.36,21.97,16.2,149.0,152.0,tour_recorded,,,
2020-10-09,Bike Ride 09.10.2020 08:34,1.91,29.72,15.6,255.0,262.0,tour_recorded,,,
2020-10-08,Bike Ride 08.10.2020 08:46,2.06,35.22,17.1,234.0,233.0,tour_recorded,,,
2020-10-06,Bike Ride 06.10.2020 08:15,1.88,28.97,15.4,200.0,200.0,tour_recorded,,,
2020-10-03,Bike Ride 03.10.2020 10:49,3.11,53.42,17.2,372.0,363.0,tour_recorded,,,
2020-10-02,Hike 02.10.2020 09:12,1.25,16.33,13.1,159.0,114.0,tour_recorded,,,
2020-10-01,Bike Ride 01.10.2020 07:59,1.39,17.54,12.6,114.0,112.0,tour_recorded,,,
2020-09-28,Bike Ride 28.09.2020 08:09,1.7,29.33,17.3,211.0,205.0,tour_recorded,,,
2020-09-25,גדרה נס-ציונה וחזרה 25.09.2020 18:56,2.5,44.06,17.6,436.0,435.0,tour_recorded,,,
2020-09-19,גדרה למטוס וחזרה 19.9.20,1.7,35.67,20.9,318.0,311.0,tour_recorded,,,
2020-09-17,Bike Ride 17.09.2020 08:28,1.67,19.37,11.6,141.0,144.0,tour_recorded,,,
2020-09-16,Bike Ride 16.09.2020 09:09,2.42,41.04,16.9,264.0,258.0,tour_recorded,,,
2020-09-14,אין Bike Ride 14.09.2020 07:34,1.17,21.24,18.2,171.0,170.0,tour_recorded,,,
2020-09-07,Bike Ride 07.09.2020 07:15,1.2,21.27,17.8,151.0,155.0,tour_recorded,,,
2020-08-30,Bike Ride 30.08.2020 08:27,2.14,36.58,17.1,243.0,236.0,tour_recorded,,,
2020-08-28,Bike Ride 28.08.2020 08:26,2.0,34.44,17.2,268.0,272.0,tour_recorded,,,
2020-08-27,Bike Ride 27.08.2020 09:11,2.16,25.6,11.9,221.0,227.0,tour_recorded,,,
2020-08-25,Bike Ride 25.08.2020 11:09,2.54,37.38,14.7,223.0,225.0,tour_recorded,,,
2020-08-20,Bike Ride 20.08.2020 09:15,0.48,9.73,20.4,26.0,75.0,tour_recorded,,,
2020-08-19,Bike Ride 19.08.2020 09:10,1.88,22.04,11.7,171.0,170.0,tour_recorded,,,
2020-08-18,".""@×@×@×=@@×=@@@@×#'dss""Bike Ride 18.08.2020 08:39",1.86,31.19,16.8,249.0,255.0,tour_recorded,,,
2020-08-15,Bike Ride 15.08.2020 10:10,2.66,41.72,15.7,208.0,214.0,tour_recorded,,,
2020-08-14,Bike Ride 14.08.2020 09:21,2.11,32.05,15.2,240.0,240.0,tour_recorded,,,
2020-08-12,Bike Ride 12.08.2020 08:54,1.61,20.52,12.7,137.0,138.0,tour_recorded,,,
2020-08-09,Bike Ride 09.08.2020 08:14,1.79,31.89,17.8,174.0,177.0,tour_recorded,,,
2020-08-07,Bike Ride 07.08.2020 09:21,2.09,35.71,17.1,223.0,228.0,tour_recorded,,,
2020-08-06,Bike Ride 06.08.2020 08:32,1.34,18.25,13.6,127.0,120.0,tour_recorded,,,
2020-08-05,Bike Ride 05.08.2020 08:14,1.24,21.26,17.1,133.0,132.0,tour_recorded,,,
2020-08-03,Bike Ride 03.08.2020 08:12,1.78,33.7,18.9,186.0,182.0,tour_recorded,,,
2020-08-01,"Bike Ride מ ע4343434אוכ""כ עכ""כ 01.08.2020 09:40",2.4,34.96,14.6,261.0,273.0,tour_recorded,,,
2020-07-31,Bike Ride 31.07.2020 09:28,1.87,25.09,13.4,507.0,501.0,tour_recorded,,,
2020-07-25,Bike Ride 25.07.2020 09:16,0.96,15.61,16.2,109.0,59.0,tour_recorded,,,
2020-07-23,Bike Ride 23.07.2020 07:57,1.48,24.49,16.6,127.0,146.0,tour_recorded,,,
2020-07-21,Bike Ride 21.07.2020 08:03,1.79,31.3,17.5,168.0,173.0,tour_recorded,,,
2020-07-20,Bike Ride 20.07.2020 07:44,1.41,22.34,15.8,153.0,147.0,tour_recorded,,,
2020-07-17,Bike Ride 17.07.2020 09:12,1.89,31.06,16.4,174.0,178.0,tour_recorded,,,
2020-07-10,Bike Ride 10.07.2020 09:10,1.89,24.78,13.1,446.0,461.0,tour_recorded,,,
2020-07-09,Bike Ride 09.07.2020 08:07,1.81,32.46,18.0,178.0,178.0,tour_recorded,,,
2020-07-07,Bike Ride 07.07.2020 09:11,1.92,31.52,16.4,177.0,183.0,tour_recorded,,,
2020-07-04,Bike Ride 04.07.2020 10:45,2.35,29.67,12.6,436.0,439.0,tour_recorded,,,
2020-07-03,Bike Ride 03.07.2020 09:23,2.16,34.36,15.9,242.0,241.0,tour_recorded,,,
2020-06-27,Bike Ride 27.06.2020 09:15,1.79,29.5,16.4,191.0,189.0,tour_recorded,,,
2020-06-26,Bike Ride 26.06.2020 08:43,1.86,30.95,16.7,192.0,191.0,tour_recorded,,,
2020-06-24,Bike Ride 24.06.2020 09:55,2.72,44.85,16.5,374.0,379.0,tour_recorded,,,
2020-06-20,Bike Ride 20.06.2020 09:28,2.15,33.38,15.5,213.0,214.0,tour_recorded,,,
2020-06-13,Bike Ride 13.06.2020 09:46,2.42,40.18,16.6,322.0,343.0,tour_recorded,,,
2020-06-10,Bike Ride 10.06.2020 08:07,1.62,27.95,17.3,227.0,235.0,tour_recorded,,,
2020-06-08,Bike Ride 08.06.2020 07:11,1.17,21.67,18.5,161.0,160.0,tour_recorded,,,
2020-06-07,Bike Ride 07.06.2020 07:32,1.19,21.68,18.2,151.0,144.0,tour_recorded,,,
2020-06-03,Bike Ride 03.06.2020 10:34,1.72,27.61,16.0,241.0,239.0,tour_recorded,,,
2020-06-01,Bike Ride 01.06.2020 07:07,1.09,19.92,18.3,172.0,164.0,tour_recorded,,,
2020-05-31,Bike Ride 31.05.2020 07:41,1.17,19.81,16.9,132.0,133.0,tour_recorded,,,
2020-05-28,Bike Ride 28.05.2020 08:49,1.18,13.61,11.6,162.0,222.0,tour_recorded,,,
2020-05-25,5Bike Ride ה6ב6הוו 6ב6בהה6ה6ה 07:18  וכ 6בוו ה6הה6בהוההבטה6כו טה6 בו הה6ה6הה6ה6ה6ס66 טהה6ה6הה6ה6ההו6ס6בוכ 6רוה6בטבאו 6הו טבט 6נ6 ה6,1.23,21.67,17.6,152.0,145.0,tour_recorded,,,
2020-05-15,Bike Ride 15.05.2020 08:21,1.73,30.28,17.5,207.0,209.0,tour_recorded,,,
2020-05-13,Bike Ride 13.05.2020 08:06,1.27,21.99,17.3,176.0,183.0,tour_recorded,,,
2020-05-11,Nike 11.05.2020 21:41,2.01,34.27,17.0,185.0,221.0,tour_recorded,,,
2020-05-04,Bike Ride 04.05.2020 08:49,1.42,24.44,17.2,179.0,173.0,tour_recorded,,,
2020-05-01,Bike Ride 01.05.2020 10:14,2.12,31.01,14.6,280.0,298.0,tour_recorded,,,
2020-04-28,Bike Ride 28.04.2020 17:35,1.73,31.91,18.5,244.0,241.0,tour_recorded,,,
2020-04-27,Bike Ride 27.04.2020 08:01,1.09,19.91,18.2,153.0,157.0,tour_recorded,,,
2020-04-26,Bike Ride 26.04.2020 08:51,1.24,21.5,17.3,137.0,152.0,tour_recorded,,,
2020-04-24,Bike Ride 24.04.2020 09:09,1.83,31.12,17.0,205.0,208.0,tour_recorded,,,
2020-04-21,Bike Ride 21.04.2020 08:09,1.57,28.81,18.3,200.0,205.0,tour_recorded,,,
2020-04-19,Bike Ride 19.04.2020 17:23,1.56,30.05,19.2,231.0,221.0,tour_recorded,,,
2020-04-17,Bike Ride 17.04.2020 18:16,1.68,30.36,18.1,239.0,234.0,tour_recorded,,,
2020-04-15,Bike Ride 15.04.2020 07:07,1.15,20.98,18.3,161.0,175.0,tour_recorded,,,
2020-04-13,Bike Ride 13.04.2020 07:06,1.04,18.54,17.9,165.0,177.0,tour_recorded,,,
2020-04-08,Bike Ride 08.04.2020 06:57,0.99,18.61,18.8,153.0,155.0,tour_recorded,,,
2020-04-06,Bike Ride 06.04.2020 06:58,0.96,17.5,18.2,122.0,122.0,tour_recorded,,,
2020-04-04,Bike Ride 04.04.2020 08:47,2.02,33.1,16.4,280.0,273.0,tour_recorded,,,
2020-04-03,Bike Ride 03.04.2020 08:17,1.61,26.89,16.7,205.0,200.0,tour_recorded,,,
2020-03-23,Bike Ride 23.03.2020 10:15,1.18,22.34,19.0,190.0,196.0,tour_recorded,,,
2020-03-22,Bike Ride 22.03.2020 17:35,1.41,28.27,20.1,256.0,254.0,tour_recorded,,,
2020-03-11,Bike Ride 11.03.2020 12:07,1.68,25.53,15.2,507.0,486.0,tour_recorded,,,
2020-03-05,Bike Ride 05.03.2020 07:13,1.4,28.71,20.5,222.0,227.0,tour_recorded,,,
2020-03-03,Bike Ride 03.03.2020 07:02,1.34,26.07,19.5,157.0,164.0,tour_recorded,,,
2020-02-29,Bike Ride 29.02.2020 14:08,1.51,22.46,14.9,201.0,195.0,tour_recorded,,,
2020-02-19,Bike Ride 19.02.2020 11:57,0.69,12.34,18.0,83.0,85.0,tour_recorded,,,
2020-02-18,Bike Ride 18.02.2020 07:02,1.22,24.05,19.7,191.0,194.0,tour_recorded,,,
2020-02-16,Bike Ride 16.02.2020 07:28,0.85,15.98,18.8,128.0,118.0,tour_recorded,,,
2020-01-29,Bike Ride 29.01.2020 13:18,1.53,20.83,13.6,432.0,392.0,tour_recorded,,,
2020-01-15,Bike Ride 15.01.2020 13:22,1.14,17.83,15.6,148.0,142.0,tour_recorded,,,
2020-01-01,Bike Ride 01.01.2020 13:53,1.62,26.6,16.4,199.0,210.0,tour_recorded,,,
2019-12-29,Bike Ride 29.12.2019 13:59,1.91,23.96,12.6,490.0,489.0,tour_recorded,,,
2019-12-21,Bike Ride 21.12.2019 10:25,1.89,30.7,16.2,210.0,217.0,tour_recorded,,,
2019-12-19,Bike Ride 19.12.2019 07:10,1.47,27.84,18.9,172.0,171.0,tour_recorded,,,
2019-12-17,Bike Ride 17.12.2019 07:06,1.26,24.53,19.5,145.0,150.0,tour_recorded,,,
2019-12-13,Bike Ride 13.12.2019 09:22,1.07,13.86,13.0,88.0,91.0,tour_recorded,,,
2019-12-07,Bike Ride 07.12.2019 09:54,1.69,24.51,14.5,502.0,481.0,tour_recorded,,,
2019-12-05,Road Ride 05.12.2019 07:18,1.1,23.32,21.2,139.0,134.0,tour_recorded,,,
2019-12-03,Bike Ride 03.12.2019 07:20,1.41,27.96,19.8,177.0,171.0,tour_recorded,,,
2019-11-22,Bike Ride 22.11.2019 09:28,1.4,25.66,18.4,180.0,163.0,tour_recorded,,,
2019-11-20,Bike Ride 20.11.2019 11:15,1.74,23.8,13.7,472.0,468.0,tour_recorded,,,
2019-11-17,Bike Ride 17.11.2019 07:24,1.05,19.68,18.7,133.0,129.0,tour_recorded,,,
2019-11-15,Bike Ride 15.11.2019 09:24,1.63,26.15,16.0,146.0,147.0,tour_recorded,,,
2019-11-11,Tour 11.11.2019 07:28,0.74,13.52,18.2,111.0,119.0,tour_recorded,,,
2019-11-09,Tour 09.11.2019 10:02,1.72,21.63,12.6,337.0,361.0,tour_recorded,,,
2019-11-06,ףטאTour 06.11.2019 08:49,1.4,25.61,18.3,184.0,176.0,tour_recorded,,,
2019-11-04,Tour 04.11.2019 07:25,1.09,19.6,17.9,121.0,125.0,tour_recorded,,,
2019-11-01,Tour 01.11.2019 09:28,2.25,36.85,16.3,227.0,226.0,tour_recorded,,,
2019-10-19,Tour 19.10.2019 10:20,0.6,5.25,8.7,161.0,80.0,tour_recorded,,,
2019-10-18,Tour 18.10.2019 07:51,1.1,18.31,16.6,118.0,162.0,tour_recorded,,,
2019-10-14,Tour 14.10.2019 09:22,2.88,44.89,15.6,387.0,388.0,tour_recorded,,,
2019-10-11,Tour 11.10.2019 08:23,1.54,26.45,17.2,212.0,204.0,tour_recorded,,,
2019-10-10,Tour 10.10.2019 07:23,1.03,19.9,19.4,151.0,143.0,tour_recorded,,,
2019-10-08,Tour 08.10.2019 07:26,1.14,19.6,17.1,130.0,135.0,tour_recorded,,,
2019-10-04,Tour 04.10.2019 10:18,2.64,39.2,14.8,297.0,303.0,tour_recorded,,,
2019-10-03,Tour 03.10.2019 07:18,1.05,19.87,18.9,138.0,134.0,tour_recorded,,,
2019-09-26,Tour 26.09.2019 08:00,1.01,19.63,19.4,126.0,129.0,tour_recorded,,,
2019-09-25,Tour 25.09.2019 07:06,1.14,19.56,17.2,133.0,134.0,tour_recorded,,,
2019-09-24,Tour 24.09.2019 06:59,1.02,19.63,19.2,116.0,117.0,tour_recorded,,,
2019-09-22,Tour 22.094554.2019 07:29,1.06,19.82,18.8,137.0,133.0,tour_recorded,,,
2019-09-18,Tour 18.09.2019 07:12,1.38,26.49,19.2,168.0,172.0,tour_recorded,,,
2019-09-17,Tour 17.09.2019 07:16,1.24,23.54,19.0,150.0,151.0,tour_recorded,,,
2019-09-16,Tour 16.09.2019 07:11,1.08,19.89,18.4,138.0,135.0,tour_recorded,,,
2019-08-24,Tour 24.08.2019 08:37,1.11,13.03,11.7,129.0,127.0,tour_recorded,,,
2019-08-23,Tour 23.08.2019 09:33,2.29,37.2,16.3,227.0,228.0,tour_recorded,,,
2019-08-19,Tour 19.08.2019 07:02,0.71,13.12,18.5,76.0,109.0,tour_recorded,,,
2019-08-17,Tour 17.08.2019 10:04,2.12,35.44,16.7,342.0,264.0,tour_recorded,,,
2019-08-16,Tour 16.08.2019 08:46,1.88,33.45,17.8,215.0,216.0,tour_recorded,,,
2019-08-14,Tour 14.08.2019 07:35,1.09,19.82,18.1,140.0,145.0,tour_recorded,,,
2019-08-10,Tour 10.08.2019 09:48,1.21,23.57,19.4,156.0,167.0,tour_recorded,,,
2019-08-09,Tour 09.08.2019 08:55,1.73,27.67,16.0,185.0,177.0,tour_recorded,,,
2019-08-07,Tour 07.08.2019 07:06,1.13,19.61,17.4,138.0,131.0,tour_recorded,,,
2019-08-05,Tour 05.08.2019 07:00,0.69,12.34,17.8,30.0,42.0,tour_recorded,,,
2019-08-03,Tour 03.08.2019 08:37,2.2,35.97,16.4,277.0,285.0,tour_recorded,,,
2019-07-27,Tour 27.07.2019 08:55,1.19,11.12,9.3,158.0,138.0,tour_recorded,,,
2019-07-26,Tour 26.07.2019 09:49,1.93,31.22,16.2,236.0,228.0,tour_recorded,,,
2019-07-24,Tour 24.07.2019 07:14,1.29,25.55,19.8,148.0,159.0,tour_recorded,,,
2019-07-23,Tour 23.07.2019 07:26,1.03,19.79,19.2,118.0,120.0,tour_recorded,,,
2019-07-21,Tour 21.07.2019 07:22,1.07,19.41,18.1,151.0,155.0,tour_recorded,,,
2019-07-20,Tour 20.07.2019 08:23,0.91,9.82,10.8,147.0,138.0,tour_recorded,,,
2019-07-16,Tour 16.07.2019 06:56,1.04,19.8,19.0,128.0,134.0,tour_recorded,,,
2019-07-15,Tour 15.07.2019 06:54,1.04,19.58,18.9,131.0,126.0,tour_recorded,,,
2019-07-14,Tour 14.07.2019 08:14,1.38,23.79,17.3,145.0,150.0,tour_recorded,,,
2019-07-12,Tour 12.07.2019 08:11,1.58,26.08,16.5,160.0,145.0,tour_recorded,,,
2019-07-11,Tour 11.07.2019 08:21,1.07,19.88,18.6,148.0,141.0,tour_recorded,,,
2019-07-10,Tour 10.07.2019 08:08,1.55,27.25,17.6,201.0,196.0,tour_recorded,,,
2019-07-09,Tour 09.07.2019 20:00,1.09,17.94,16.5,93.0,99.0,tour_recorded,,,
2019-06-27,Tour 27.06.2019 19:32,1.65,28.2,17.1,205.0,201.0,tour_recorded,,,
2019-06-21,Tour 21.06.2019 08:56,1.57,14.83,9.5,294.0,299.0,tour_recorded,,,
2019-06-19,Tour 19.06.2019 06:43,1.08,18.93,17.5,94.0,103.0,tour_recorded,,,
2019-06-17,Tour 17.06.2019 06:48,1.07,19.92,18.6,147.0,144.0,tour_recorded,,,
2019-06-15,Tour 15.06.2019 09:37,2.03,35.16,17.3,273.0,288.0,tour_recorded,,,
2019-06-14,Tour 14.06.2019 09:14,1.46,14.86,10.2,249.0,263.0,tour_recorded,,,
2019-06-12,Tour 12.06.2019 19:58,1.58,27.23,17.3,199.0,194.0,tour_recorded,,,
2019-06-06,Tour 06.06.2019 07:05,1.04,19.56,18.8,133.0,132.0,tour_recorded,,,
2019-06-04,Tour 04.06.2019 06:59,1.12,19.88,17.7,128.0,135.0,tour_recorded,,,
2019-06-01,Tour 01.06.2019 09:22,1.91,33.43,17.5,208.0,254.0,tour_recorded,,,
2019-05-31,Tour 31.05.2019 08:51,0.98,10.67,10.9,172.0,175.0,tour_recorded,,,
2019-05-29,Tour 29.05.2019 08:29,1.56,26.25,16.9,190.0,193.0,tour_recorded,,,
2019-05-25,Tour 25.05.2019 09:12,1.83,31.27,17.1,195.0,208.0,tour_recorded,,,
2019-05-20,Tour 20.05.2019 07:04,1.08,19.83,18.3,123.0,119.0,tour_recorded,,,
2019-05-18,Tour 18.05.2019 09:59,1.94,27.07,14.0,216.0,216.0,tour_recorded,,,
2019-05-10,Tour 10.05.2019 16:52,1.98,36.67,18.5,188.0,179.0,tour_recorded,,,
2019-05-08,Tour 08.05.2019 18:57,1.8,32.92,18.3,209.0,207.0,tour_recorded,,,
2019-05-04,Tour 04.05.2019 09:55,1.28,12.69,9.9,212.0,234.0,tour_recorded,,,
2019-05-03,Tour 03.05.2019 09:18,1.48,27.36,18.5,202.0,196.0,tour_recorded,,,
2019-04-22,Tour 22.04.2019 14:48,1.35,25.37,18.7,152.0,153.0,tour_recorded,,,
2019-04-20,Tour 20.04.2019 09:16,1.26,24.82,19.7,136.0,137.0,tour_recorded,,,
2019-04-18,Tour 18.04.2019 10:05,1.36,25.03,18.3,139.0,144.0,tour_recorded,,,
2019-04-15,Tour 15.04.2019 10:32,1.29,24.84,19.3,154.0,143.0,tour_recorded,,,
2019-04-13,Tour 13.04.2019 10:56,2.28,32.97,14.5,217.0,218.0,tour_recorded,,,
2019-04-11,Tour 11.04.2019 17:51,1.46,27.22,18.7,175.0,185.0,tour_recorded,,,
2019-04-09,Tour 09.04.2019 10:01,1.15,19.89,17.3,137.0,134.0,tour_recorded,,,
2019-04-06,Tour 06.04.2019 10:50,2.22,32.11,14.5,232.0,231.0,tour_recorded,,,
2019-04-05,Tour 05.04.2019 10:02,2.07,28.17,13.6,242.0,243.0,tour_recorded,,,
2019-03-27,Tour 27.03.2019 11:53,1.34,23.17,17.3,374.0,376.0,tour_recorded,,,
2019-03-23,Tour 23.03.2019 10:34,2.08,33.06,15.9,245.0,255.0,tour_recorded,,,
2019-03-22,Tel Hadid  short Shohm   22.03.2019 10:05,1.86,19.6,10.5,287.0,293.0,tour_recorded,,,
2019-03-20,יער הקדושים 20.03.2019 11:13,1.35,20.61,15.3,388.0,363.0,tour_recorded,,,
2019-03-13,Tour 13.03.2019 11:09,0.95,16.6,17.5,95.0,97.0,tour_recorded,,,
2019-03-09,Tour 11.03.2019 06:25,0.89,10.9,12.2,111.0,125.0,tour_recorded,,,
2019-03-08,Tour 08.03.2019 17:06,1.53,22.21,14.5,173.0,170.0,tour_recorded,,,
2019-03-06,Tour 06.03.2019 13:48,1.73,29.76,17.2,211.0,209.0,tour_recorded,,,
2019-02-23,Tour 23.02.2019 10:19,1.17,15.5,13.3,245.0,247.0,tour_recorded,,,
2019-02-22,Tour 22.02.2019 09:52,1.34,18.29,13.6,152.0,152.0,tour_recorded,,,
2019-02-13,Tour 13.02.2019 10:50,1.31,20.7,15.8,385.0,380.0,tour_recorded,,,
2019-02-08,יער הקדושים דרך נוף דרומית חזרה בצפונית,1.64,23.8,14.5,461.0,460.0,tour_recorded,,,
2019-02-02,Tour 02.02.2019 09:50,1.02,12.37,12.2,124.0,127.0,tour_recorded,,,
2019-02-01,Tour 01.02.2019 10:10,0.82,11.52,14.1,99.0,32.0,tour_recorded,,,
2019-01-26,למקורות וחזרה עם יעקב,1.96,27.63,14.1,188.0,187.0,tour_recorded,,,
2019-01-25,Tour 25.01.2019 15:30,1.34,22.91,17.0,155.0,155.0,tour_recorded,,,
2019-01-24,Tour 24.01.2019 14:37,1.15,17.99,15.7,126.0,126.0,tour_recorded,,,
2019-01-12,Tour 12.01.2019 10:54,0.97,14.8,15.3,262.0,425.0,tour_recorded,,,
2019-01-05,Tour 05.01.2019 10:39,1.09,17.42,16.0,117.0,104.0,tour_recorded,,,
2018-12-22,Tour 22.12.2018 16:58,1.9,28.28,14.9,189.0,192.0,tour_recorded,,,
2018-12-15,Tour 15.12.2018 09:34,0.94,10.74,11.4,111.0,116.0,tour_recorded,,,
2018-11-24,Tour 24.11.2018 10:29,1.97,27.06,13.8,491.0,507.0,tour_recorded,,,
2018-11-22,Tour 22.11.2018 07:03,1.04,19.91,19.1,135.0,131.0,tour_recorded,,,
2018-11-20,Tour 20.11.2018 06:50,0.86,14.38,16.7,99.0,99.0,tour_recorded,,,
2018-11-10,Tour 10.11.2018 10:46,1.91,23.59,12.4,401.0,441.0,tour_recorded,,,
2018-11-09,Tour 09.11.2018 16:08,1.1,19.88,18.1,141.0,139.0,tour_recorded,,,
2018-11-03,חרובית 03.11.2018 12:28,2.55,44.5,17.5,423.0,417.0,tour_recorded,,,
2018-10-30,Tour 30.10.2018 10:55,1.95,34.17,17.5,203.0,226.0,tour_recorded,,,
2018-10-27,Tour 27.10.2018  חרובית,1.75,26.98,15.4,257.0,300.0,tour_recorded,,,
2018-10-20,Tour 20.10.2018 10:24,1.73,22.17,12.8,289.0,278.0,tour_recorded,,,
2018-10-19,Tour 19.10.2018 18:08,1.56,29.15,18.7,191.0,196.0,tour_recorded,,,
2018-10-17,Tour 17.10.2018 11:33,1.74,31.36,18.1,226.0,229.0,tour_recorded,,,
2018-08-25,Tour 25.08.2018 10:08,2.0,29.41,14.7,472.0,484.0,tour_recorded,,,
2018-08-24,Tour 24.08.2018 09:01,1.43,25.33,17.7,151.0,150.0,tour_recorded,,,
2018-08-22,Tour 22.08.2018 10:02,1.73,30.75,17.8,208.0,219.0,tour_recorded,,,
2018-08-15,Tour 15.08.2018 11:29,1.77,33.91,19.2,278.0,272.0,tour_recorded,,,
2018-08-12,Tour 12.08.2018 09:32,1.89,34.4,18.2,235.0,254.0,tour_recorded,,,
2018-08-06,Tour 06.08.2018 10:13,1.73,32.15,18.5,221.0,222.0,tour_recorded,,,
2018-08-03,Tour 03.08.2018 10:16,1.87,32.44,17.3,233.0,238.0,tour_recorded,,,
2018-08-01,Tour 01.08.2018 09:29,1.33,22.06,16.6,157.0,166.0,tour_recorded,,,
2018-07-30,Tour 30.07.2018 07:46,1.03,19.61,19.0,143.0,144.0,tour_recorded,,,
2018-07-29,Tour 29.07.2018 10:46,2.16,35.08,16.2,309.0,329.0,tour_recorded,,,
2018-07-27,Tour 27.07.2018 09:47,1.76,30.03,17.1,225.0,226.0,tour_recorded,,,
2018-07-14,Tour 14.07.2018 09:18,1.43,14.87,10.4,223.0,222.0,tour_recorded,,,
2018-07-07,Tour 07.07.2018 08:16,0.84,9.54,11.3,129.0,123.0,tour_recorded,,,
2018-07-06,Tour 06.07.2018 10:04,2.47,44.21,17.9,397.0,397.0,tour_recorded,,,
2018-07-03,Tour 03.07.2018 09:12,1.21,24.11,19.9,136.0,165.0,tour_recorded,,,
2018-06-27,Tour 27.06.2018 08:10,1.12,22.34,19.9,195.0,237.0,tour_recorded,,,
2018-06-26,Tour 26.06.2018 08:42,1.12,20.2,18.0,147.0,149.0,tour_recorded,,,
2018-06-16,Tour 16.06.2018 09:16,1.34,18.08,13.5,157.0,172.0,tour_recorded,,,
2018-06-09,Tour 09.06.2018 09:38,1.32,20.15,15.2,170.0,172.0,tour_recorded,,,
2018-06-08,Tour 08.06.2018 10:38,2.01,35.11,17.5,262.0,275.0,tour_recorded,,,
2018-06-05,Tour 05.06.2018 09:00,1.23,23.51,19.1,346.0,351.0,tour_recorded,,,
2018-06-02,Tour 02.06.2018 09:07,1.3,24.28,18.6,200.0,194.0,tour_recorded,,,
2018-06-01,Tour 01.06.2018 18:23,1.57,29.22,18.6,221.0,212.0,tour_recorded,,,
2018-05-30,Tour 30.05.2018 13:01,1.06,19.84,18.7,141.0,126.0,tour_recorded,,,
2018-05-28,Tour 28.05.2018 18:47,1.06,19.66,18.6,145.0,142.0,tour_recorded,,,
2018-05-26,Tour 26.05.2018 09:06,1.34,14.76,11.0,112.0,100.0,tour_recorded,,,
2018-05-19,Aqaba,0.86,3.31,3.8,20.0,22.0,tour_recorded,,,
2018-05-12,00Tour 12.05.2018 09:28,0.69,18.84,27.4,56.0,107.0,tour_recorded,,,
2018-05-11,Tour 11.05.2018 10:03,1.75,30.97,17.6,179.0,196.0,tour_recorded,,,
2018-05-08,Tou22 21. 2 ז ז 22 2 ה הק2 קקקכצרכר3רככ תהץנ  נדק קק2221 212 2הנהדץr 08.05.2018 ץץ09:222184 33332333,1.17,18.37,15.7,140.0,152.0,tour_recorded,,,
2018-05-04,Tour 04.05.2018 09:13,1.28,19.14,15.0,307.0,126.0,tour_recorded,,,
2018-05-03,Tour 03.05.2018 08:24,1.18,20.94,17.8,153.0,158.0,tour_recorded,,,
2018-04-30,Tour 18.12.2017 21:55 רכיבת שבילים לבנים קברות המכבים התחלה בליגד סנטר,1.03,15.41,14.9,194.0,188.0,tour_recorded,,,
2018-04-28,Tour 28.04.2018 13:24,2.9,43.16,14.9,396.0,398.0,tour_recorded,,,
2018-04-24,יסודות  24.04.2018 15:49,1.05,19.65,18.8,127.0,129.0,tour_recorded,,,
2018-04-23,יסודות  23.04.2018 10:45,1.13,19.67,17.4,132.0,138.0,tour_recorded,,,
2018-04-18,Tour 18.12.2017 21:55 רכיבת שבילים לבנים קברות המכבים התחלה בליגד סנטר,1.0,15.45,15.4,197.0,194.0,tour_recorded,,,
2018-04-16,עליה למרר 16.04.2018 09:49,1.02,16.86,16.6,132.0,139.0,tour_recorded,,,
2018-04-14,Tour 14.04.2018 10:43,1.84,32.76,17.8,238.0,240.0,tour_recorded,,,
2018-04-13,Tour 13.04.2018 09:42,1.17,19.79,16.9,128.0,128.0,tour_recorded,,,
2018-04-11,Tour 11.04.2018 12:29,1.61,27.86,17.3,207.0,195.0,tour_recorded,,,
2018-04-09,מרר  09.04.2018,1.06,13.68,12.9,111.0,133.0,tour_recorded,,,
2018-04-02,Tour 02.04.2018 12:06,2.91,41.82,14.3,733.0,275.0,tour_recorded,,,
2018-03-31,Tour 31.03.2018 12:57,2.78,41.89,15.1,361.0,360.0,tour_recorded,,,
2018-03-24,Tour 24.03.2018 11:03,1.36,15.81,11.6,239.0,241.0,tour_recorded,,,
2018-03-20,Tour 20.03.2018 10:47,1.09,20.04,18.4,125.0,131.0,tour_recorded,,,
2018-03-14,Tour 14.03.2018 13:31,1.12,19.63,17.5,121.0,119.0,tour_recorded,,,
2018-01-06,,,,,,,,buy new w Ghost,0.0,0.0
2023-05-12,,,,,,,,Replace rear tier,1.0,10.5
